{
  "timestamp": "2025-08-07T11:23:33.063798",
  "output_name": "salient_alphabetical_mixed_20250807_1006",
  "dataset_size": 100,
  "models": [
    "openrouter/moonshotai/kimi-k2",
    "openrouter/deepseek/deepseek-chat-v3-0324"
  ],
  "passes_per_model": 40,
  "weighted_average_elos": {
    "rapture": 1405.5693305367947,
    "triumph": 1527.8192293315242,
    "drywall": 1368.1158508418198,
    "thriving": 1505.7374384817508,
    "cubicle": 1260.685492968053,
    "unity": 1570.6579723107723,
    "gravel": 1375.7196257892765,
    "fastener": 1390.762542841862,
    "bolt": 1451.3067616463904,
    "bland": 1180.433522237595,
    "sunshine": 1659.8669877755278,
    "chair": 1514.2106031576377,
    "flooring": 1372.3695472281147,
    "vitality": 1653.9961407383166,
    "beige": 1417.8100865491965,
    "duct": 1422.277428779409,
    "success": 1609.4364147701476,
    "clip": 1391.015827153561,
    "paradise": 1533.8773032313693,
    "wonder": 1639.4309767850104,
    "basic": 1442.7067372940223,
    "spectacular": 1651.832341764843,
    "drawer": 1444.6755076743723,
    "perfection": 1613.8055421576337,
    "tranquility": 1534.1807257982723,
    "optimal": 1673.9759369623002,
    "caulk": 1327.4646652749088,
    "flange": 1398.055619930829,
    "splendor": 1531.8047730592593,
    "bucket": 1463.4495437369992,
    "formica": 1416.7350215560796,
    "vivacious": 1564.4205349220272,
    "optimistic": 1541.2434191444213,
    "elevator": 1460.795164465956,
    "curtain": 1408.5350303954092,
    "wondrous": 1654.1488915616446,
    "hallway": 1391.5803402672727,
    "prosperity": 1513.766326794986,
    "folder": 1423.9878006003978,
    "vibrancy": 1589.122739120522,
    "treasure": 1596.240637796637,
    "insulation": 1395.9562138095202,
    "splendid": 1639.552510702135,
    "vibrant": 1650.2401066661782,
    "rejoicing": 1422.8234996712904,
    "average": 1325.0189965858272,
    "doorframe": 1326.5915094380507,
    "warmth": 1689.3622654979106,
    "hinge": 1354.4256137739621,
    "clipboard": 1397.8790121268148,
    "utopia": 1422.9809194019144,
    "beam": 1536.361288682797,
    "wisdom": 1773.7870146593957,
    "profound": 1639.7545558615543,
    "doorknob": 1415.1644297853563,
    "tenderness": 1772.0810556760632,
    "cabinet": 1461.9889236666556,
    "fixture": 1384.3560113036724,
    "handle": 1442.3305569673596,
    "virtue": 1733.0382270675727,
    "victorious": 1458.1601488226624,
    "grout": 1340.3338207109086,
    "playfulness": 1660.0893969706615,
    "insipid": 1273.89274529855,
    "brick": 1417.935715651202,
    "phenomenal": 1610.3854448036159,
    "gutter": 1266.0173095996079,
    "asphalt": 1420.033139897865,
    "button": 1492.0270325133288,
    "wholesome": 1667.2387964028644,
    "gasket": 1396.1539981894398,
    "wonderful": 1762.4302222222068,
    "common": 1478.0755113877915,
    "serendipity": 1625.4766388219446,
    "uplifting": 1614.3304835682272,
    "cement": 1380.4643394743057,
    "concrete": 1470.9069013740602,
    "triumphant": 1477.0031440320254,
    "corridor": 1355.811161165254,
    "dowel": 1429.3787134656145,
    "desk": 1485.2724956750237,
    "outstanding": 1565.8981376158204,
    "puppies": 1683.4761796913767,
    "serenity": 1722.7938170552961,
    "radiant": 1610.6493137425314,
    "baseline": 1327.5778323011784,
    "gypsum": 1382.0674612548,
    "pleasure": 1586.7809501901124,
    "adequate": 1438.6951102171474,
    "generic": 1286.2184449420442,
    "uplifted": 1493.1105821018866,
    "peace": 1744.8013423992427,
    "radiance": 1573.9405515139638,
    "resplendent": 1588.1159752968933,
    "carpet": 1381.8788971319061,
    "superb": 1673.2848306039236,
    "victory": 1508.736178178597,
    "sweetness": 1527.0530212248393,
    "bracket": 1437.6087791628315,
    "sublime": 1708.5763405514936
  },
  "consensus_analysis": {
    "consensus_items": [
      "splendid",
      "drawer",
      "paradise",
      "utopia",
      "triumph",
      "flooring",
      "tenderness",
      "clipboard",
      "asphalt",
      "treasure"
    ],
    "controversial_items": [
      "drywall",
      "pleasure",
      "peace",
      "puppies",
      "doorframe",
      "corridor",
      "insipid",
      "basic",
      "bolt",
      "playfulness"
    ],
    "outliers": {
      "openrouter/moonshotai/kimi-k2": [
        {
          "item": "bolt",
          "rating": 1340.9570477048487,
          "deviation": -110.34971394154172
        },
        {
          "item": "basic",
          "rating": 1332.6385678612223,
          "deviation": -110.0681694328
        },
        {
          "item": "doorframe",
          "rating": 1430.6551453747581,
          "deviation": 104.06363593670744
        },
        {
          "item": "playfulness",
          "rating": 1519.2216057944083,
          "deviation": -140.86779117625315
        },
        {
          "item": "insipid",
          "rating": 1165.8277098263661,
          "deviation": -108.06503547218381
        },
        {
          "item": "corridor",
          "rating": 1460.6880714682495,
          "deviation": 104.87691030299561
        }
      ],
      "openrouter/deepseek/deepseek-chat-v3-0324": [
        {
          "item": "bolt",
          "rating": 1561.6564755879324,
          "deviation": 110.34971394154195
        },
        {
          "item": "basic",
          "rating": 1552.774906726822,
          "deviation": 110.06816943279978
        },
        {
          "item": "doorframe",
          "rating": 1222.527873501343,
          "deviation": -104.06363593670767
        },
        {
          "item": "playfulness",
          "rating": 1800.9571881469146,
          "deviation": 140.86779117625315
        },
        {
          "item": "insipid",
          "rating": 1381.957780770734,
          "deviation": 108.06503547218404
        },
        {
          "item": "corridor",
          "rating": 1250.934250862258,
          "deviation": -104.87691030299584
        }
      ]
    }
  },
  "model_summaries": [
    {
      "model_name": "openrouter/moonshotai/kimi-k2",
      "total_matches": 4000,
      "num_passes": 40.0,
      "ratings": {
        "rapture": 1449.7460984652757,
        "triumph": 1531.947828611625,
        "drywall": 1283.097446509912,
        "thriving": 1578.6093410689916,
        "cubicle": 1312.934697617296,
        "unity": 1627.0691855207733,
        "gravel": 1333.9184471024503,
        "fastener": 1374.335488483368,
        "bolt": 1340.9570477048487,
        "bland": 1112.5567014359528,
        "sunshine": 1688.0049349474923,
        "chair": 1462.1181356360776,
        "flooring": 1377.4709460020526,
        "vitality": 1690.2776500494329,
        "beige": 1403.0804813309667,
        "duct": 1369.527638211192,
        "success": 1647.5762469215445,
        "clip": 1368.5254346588422,
        "paradise": 1536.0068848144867,
        "wonder": 1709.189174641331,
        "basic": 1332.6385678612223,
        "spectacular": 1670.7122328189507,
        "drawer": 1446.3110089220963,
        "perfection": 1561.3653298798663,
        "tranquility": 1479.6315481277568,
        "optimal": 1738.609601185748,
        "caulk": 1300.5216961163787,
        "flange": 1366.0786160631665,
        "splendor": 1465.072075033593,
        "bucket": 1425.2694173352152,
        "formica": 1403.7670975833457,
        "vivacious": 1487.2160270901309,
        "optimistic": 1593.7958560841487,
        "elevator": 1449.574512315785,
        "curtain": 1431.8686765655123,
        "wondrous": 1705.4378805747117,
        "hallway": 1419.853468975006,
        "prosperity": 1558.851099414185,
        "folder": 1448.0005768158544,
        "vibrancy": 1557.7749865310357,
        "treasure": 1603.2318603397878,
        "insulation": 1476.286769684274,
        "splendid": 1638.3537964975283,
        "vibrant": 1566.772633317585,
        "rejoicing": 1484.6990041843414,
        "average": 1286.2200280844784,
        "doorframe": 1430.6551453747581,
        "warmth": 1668.2024877333151,